app_name,avg_score,total_reviews,negative_pct,positive_pct,avg_thumbsup_negative
Lieferando,2.9665,2000,48.65,46.5,0.9625
Uber Eats,1.7048524262131066,1999,81.7408704352176,14.85742871435718,2.4882441220610305
Wolt,3.4345,2000,38.0,59.95,2.5395
